"city","live_pincode","has_trainer","nearest_live_with_trainer"
"delhi","110012","NO","110011"
"delhi","110013","NO","110011"
"delhi","110014","NO","110011"
"delhi","110015","NO","110011"
"delhi","110016","NO","110011"
"delhi","110017","NO","110011"
"delhi","110018","NO","110011"
"delhi","110019","NO","110011"
"delhi","110020","NO","110011"
"delhi","110021","NO","110011"
"delhi","110022","NO","110011"
"delhi","110023","NO","110011"
"delhi","110024","NO","110011"
"delhi","110025","NO","110011"
"delhi","110026","NO","110011"
"delhi","110027","NO","110011"
"delhi","110028","NO","110011"
"delhi","110029","NO","110011"
"delhi","110030","NO","110011"
"delhi","110031","NO","110011"
"delhi","110032","NO","110011"
"delhi","110033","NO","110011"
"delhi","110034","NO","110011"
"delhi","110035","NO","110011"
"delhi","110036","NO","110011"
"delhi","110037","NO","110011"
"delhi","110038","NO","110011"
"delhi","110039","NO","110011"
"delhi","110040","NO","110011"
"delhi","110041","NO","110011"
"delhi","110042","NO","110011"
"delhi","110043","NO","110011"
"delhi","110044","NO","110011"
"delhi","110045","NO","110011"
"delhi","110046","NO","110011"
"delhi","110047","NO","110011"
"delhi","110048","NO","110011"
"delhi","110049","NO","110011"
"delhi","110051","NO","110011"
"delhi","110052","NO","110011"
"delhi","110053","NO","110011"
"delhi","110054","NO","110011"
"delhi","110055","NO","110011"
"delhi","110056","NO","110011"
"delhi","110057","NO","110011"
"delhi","110058","NO","110011"
"delhi","110059","NO","110011"
"delhi","110060","NO","110011"
"delhi","110061","NO","110011"
"delhi","110062","NO","110011"
"delhi","110063","NO","110011"
"delhi","110064","NO","110011"
"delhi","110065","NO","110011"
"delhi","110066","NO","110011"
"delhi","110067","NO","110011"
"delhi","110068","NO","110011"
"delhi","110069","NO","110011"
"delhi","110070","NO","110011"
"delhi","110071","NO","110011"
"delhi","110072","NO","110011"
"delhi","110073","NO","110011"
"delhi","110074","NO","110011"
"delhi","110075","NO","110011"
"delhi","110076","NO","110011"
"delhi","110077","NO","110011"
"delhi","110078","NO","110011"
"delhi","110081","NO","110011"
"delhi","110082","NO","110011"
"delhi","110083","NO","110011"
"delhi","110084","NO","110011"
"delhi","110085","NO","110011"
"delhi","110086","NO","110011"
"delhi","110087","NO","110011"
"delhi","110088","NO","110011"
"delhi","110089","NO","110011"
"delhi","110090","NO","110011"
"delhi","110091","NO","110011"
"delhi","110092","NO","110011"
"delhi","110093","NO","110011"
"delhi","110094","NO","110011"
"delhi","110095","NO","110011"
"delhi","110096","NO","110011"
"mumbai","400011","NO","400010"
"mumbai","400012","NO","400010"
"mumbai","400013","NO","400010"
"mumbai","400014","NO","400010"
"mumbai","400015","NO","400010"
"mumbai","400016","NO","400010"
"mumbai","400017","NO","400010"
"mumbai","400018","NO","400010"
"mumbai","400019","NO","400010"
"mumbai","400020","NO","400010"
"mumbai","400021","NO","400010"
"mumbai","400022","NO","400010"
"mumbai","400023","NO","400010"
"mumbai","400024","NO","400010"
"mumbai","400025","NO","400010"
"mumbai","400026","NO","400010"
"mumbai","400027","NO","400010"
"mumbai","400028","NO","400010"
"mumbai","400029","NO","400010"
"mumbai","400030","NO","400049"
"mumbai","400031","NO","400049"
"mumbai","400032","NO","400049"
"mumbai","400033","NO","400049"
"mumbai","400034","NO","400049"
"mumbai","400035","NO","400049"
"mumbai","400036","NO","400049"
"mumbai","400037","NO","400049"
"mumbai","400038","NO","400049"
"mumbai","400039","NO","400049"
"mumbai","400040","NO","400049"
"mumbai","400041","NO","400049"
"mumbai","400042","NO","400049"
"mumbai","400043","NO","400049"
"mumbai","400050","NO","400049"
"mumbai","400051","NO","400052"
"mumbai","400055","NO","400054"
"mumbai","400057","NO","400056"
"mumbai","400058","NO","400056"
"mumbai","400059","NO","400061"
"mumbai","400060","NO","400061"
"mumbai","400062","NO","400061"
"mumbai","400063","NO","400061"
"mumbai","400064","NO","400061"
"mumbai","400065","NO","400061"
"mumbai","400066","NO","400061"
"mumbai","400067","NO","400061"
"mumbai","400068","NO","400061"
"mumbai","400069","NO","400061"
"mumbai","400070","NO","400061"
"mumbai","400071","NO","400061"
"mumbai","400072","NO","400061"
"mumbai","400073","NO","400061"
"mumbai","400074","NO","400061"
"mumbai","400075","NO","400061"
"mumbai","400076","NO","400061"
"mumbai","400077","NO","400061"
"mumbai","400078","NO","400061"
"mumbai","400079","NO","400061"
"mumbai","400080","NO","400061"
"mumbai","400081","NO","400061"
"mumbai","400082","NO","400061"
"mumbai","400083","NO","400061"
"mumbai","400084","NO","400061"
"mumbai","400085","NO","400061"
"mumbai","400086","NO","400061"
"mumbai","400087","NO","400061"
"mumbai","400088","NO","400061"
"mumbai","400089","NO","400061"
"mumbai","400090","NO","400061"
"mumbai","400091","NO","400061"
"mumbai","400092","NO","400061"
"mumbai","400093","NO","400061"
"mumbai","400094","NO","400061"
"mumbai","400095","NO","400061"
"mumbai","400096","NO","400061"
"mumbai","400097","NO","400061"
"mumbai","400098","NO","400061"
"mumbai","400099","NO","400061"
"bangalore","560011","NO","560010"
"bangalore","560012","NO","560010"
"bangalore","560013","NO","560010"
"bangalore","560014","NO","560010"
"bangalore","560015","NO","560010"
"bangalore","560016","NO","560010"
"bangalore","560017","NO","560010"
"bangalore","560018","NO","560024"
"bangalore","560019","NO","560024"
"bangalore","560020","NO","560024"
"bangalore","560021","NO","560024"
"bangalore","560022","NO","560024"
"bangalore","560023","NO","560024"
"bangalore","560025","NO","560024"
"bangalore","560026","NO","560024"
"bangalore","560027","NO","560024"
"bangalore","560028","NO","560024"
"bangalore","560029","NO","560032"
"bangalore","560030","NO","560032"
"bangalore","560031","NO","560032"
"bangalore","560033","NO","560032"
"bangalore","560034","NO","560032"
"bangalore","560035","NO","560032"
"bangalore","560036","NO","560032"
"bangalore","560037","NO","560032"
"bangalore","560038","NO","560032"
"bangalore","560039","NO","560032"
"bangalore","560040","NO","560032"
"bangalore","560041","NO","560032"
"bangalore","560042","NO","560032"
"bangalore","560043","NO","560032"
"bangalore","560044","NO","560032"
"bangalore","560045","NO","560032"
"bangalore","560046","NO","560032"
"bangalore","560047","NO","560032"
"bangalore","560048","NO","560032"
"bangalore","560049","NO","560032"
"bangalore","560050","NO","560032"
"bangalore","560051","NO","560032"
"bangalore","560052","NO","560032"
"bangalore","560053","NO","560032"
"bangalore","560054","NO","560032"
"bangalore","560055","NO","560032"
"bangalore","560056","NO","560032"
"bangalore","560057","NO","560032"
"bangalore","560058","NO","560032"
"bangalore","560059","NO","560032"
"bangalore","560060","NO","560032"
"bangalore","560061","NO","560032"
"bangalore","560062","NO","560032"
"bangalore","560063","NO","560032"
"bangalore","560064","NO","560032"
"bangalore","560065","NO","560032"
"bangalore","560066","NO","560032"
"bangalore","560067","NO","560032"
"bangalore","560068","NO","560032"
"bangalore","560069","NO","560032"
"bangalore","560070","NO","560032"
"bangalore","560071","NO","560032"
"bangalore","560072","NO","560032"
"bangalore","560073","NO","560032"
"bangalore","560074","NO","560032"
"bangalore","560075","NO","560032"
"bangalore","560076","NO","560032"
"bangalore","560077","NO","560032"
"bangalore","560078","NO","560032"
"bangalore","560079","NO","560032"
"bangalore","560080","NO","560032"
"bangalore","560081","NO","560032"
"bangalore","560082","NO","560032"
"bangalore","560083","NO","560032"
"bangalore","560084","NO","560032"
"bangalore","560085","NO","560032"
"bangalore","560086","NO","560032"
"bangalore","560087","NO","560032"
"bangalore","560088","NO","560032"
"bangalore","560089","NO","560032"
"bangalore","560090","NO","560032"
"bangalore","560091","NO","560032"
"bangalore","560092","NO","560032"
"bangalore","560093","NO","560032"
"bangalore","560094","NO","560032"
"bangalore","560095","NO","560032"
"bangalore","560096","NO","560032"
"bangalore","560097","NO","560032"
"bangalore","560098","NO","560032"
"bangalore","560099","NO","560032"
"bangalore","560100","NO","560032"
"hyderabad","500011","NO","500010"
"hyderabad","500012","NO","500010"
"hyderabad","500013","NO","500010"
"hyderabad","500014","NO","500010"
"hyderabad","500015","NO","500010"
"hyderabad","500016","NO","500010"
"hyderabad","500017","NO","500010"
"hyderabad","500018","NO","500010"
"hyderabad","500019","NO","500010"
"hyderabad","500020","NO","500010"
"hyderabad","500021","NO","500010"
"hyderabad","500022","NO","500010"
"hyderabad","500023","NO","500010"
"hyderabad","500024","NO","500010"
"hyderabad","500025","NO","500010"
"hyderabad","500026","NO","500010"
"hyderabad","500027","NO","500010"
"hyderabad","500028","NO","500010"
"hyderabad","500029","NO","500010"
"hyderabad","500030","NO","500010"
"hyderabad","500031","NO","500010"
"hyderabad","500032","NO","500010"
"hyderabad","500033","NO","500010"
"hyderabad","500034","NO","500010"
"hyderabad","500035","NO","500010"
"hyderabad","500036","NO","500010"
"hyderabad","500037","NO","500010"
"hyderabad","500038","NO","500010"
"hyderabad","500039","NO","500010"
"hyderabad","500040","NO","500010"
"hyderabad","500041","NO","500010"
"hyderabad","500042","NO","500010"
"hyderabad","500043","NO","500010"
"hyderabad","500044","NO","500010"
"hyderabad","500045","NO","500010"
"hyderabad","500046","NO","500010"
"hyderabad","500047","NO","500010"
"hyderabad","500048","NO","500010"
"hyderabad","500049","NO","500010"
"hyderabad","500050","NO","500010"
"hyderabad","500051","NO","500010"
"hyderabad","500052","NO","500010"
"hyderabad","500053","NO","500010"
"hyderabad","500054","NO","500010"
"hyderabad","500055","NO","500010"
"hyderabad","500056","NO","500010"
"hyderabad","500057","NO","500010"
"hyderabad","500058","NO","500010"
"hyderabad","500059","NO","500010"
"hyderabad","500060","NO","500010"
"hyderabad","500061","NO","500010"
"hyderabad","500062","NO","500010"
"hyderabad","500063","NO","500010"
"hyderabad","500064","NO","500010"
"hyderabad","500065","NO","500010"
"hyderabad","500066","NO","500010"
"hyderabad","500067","NO","500010"
"hyderabad","500068","NO","500010"
"hyderabad","500069","NO","500010"
"hyderabad","500070","NO","500010"
"hyderabad","500071","NO","500010"
"hyderabad","500072","NO","500010"
"hyderabad","500073","NO","500010"
"hyderabad","500074","NO","500010"
"hyderabad","500075","NO","500010"
"hyderabad","500076","NO","500010"
"hyderabad","500077","NO","500010"
"hyderabad","500078","NO","500010"
"hyderabad","500079","NO","500010"
"hyderabad","500080","NO","500010"
"hyderabad","500081","NO","500010"
"hyderabad","500082","NO","500010"
"hyderabad","500083","NO","500010"
"hyderabad","500084","NO","500010"
"hyderabad","500085","NO","500010"
"hyderabad","500086","NO","500010"
"hyderabad","500087","NO","500010"
"hyderabad","500088","NO","500010"
"hyderabad","500089","NO","500010"
"hyderabad","500090","NO","500010"
"hyderabad","500091","NO","500010"
"hyderabad","500092","NO","500010"
"hyderabad","500093","NO","500010"
"hyderabad","500094","NO","500010"
"hyderabad","500095","NO","500010"
"chennai","600011","NO","600010"
"chennai","600012","NO","600010"
"chennai","600013","NO","600010"
"chennai","600014","NO","600010"
"chennai","600015","NO","600010"
"chennai","600016","NO","600010"
"chennai","600017","NO","600010"
"chennai","600018","NO","600010"
"chennai","600019","NO","600010"
"chennai","600020","NO","600010"
"chennai","600021","NO","600010"
"chennai","600022","NO","600010"
"chennai","600023","NO","600010"
"chennai","600024","NO","600010"
"chennai","600025","NO","600010"
"chennai","600026","NO","600010"
"chennai","600027","NO","600010"
"chennai","600028","NO","600010"
"chennai","600029","NO","600010"
"chennai","600030","NO","600010"
"chennai","600031","NO","600010"
"chennai","600032","NO","600010"
"chennai","600033","NO","600010"
"chennai","600034","NO","600010"
"chennai","600035","NO","600010"
"chennai","600036","NO","600010"
"chennai","600037","NO","600010"
"chennai","600038","NO","600010"
"chennai","600039","NO","600010"
"chennai","600040","NO","600010"
"chennai","600041","NO","600010"
"chennai","600042","NO","600010"
"chennai","600043","NO","600010"
"chennai","600044","NO","600010"
"chennai","600045","NO","600010"
"chennai","600046","NO","600010"
"chennai","600047","NO","600010"
"chennai","600048","NO","600010"
"chennai","600049","NO","600010"
"chennai","600050","NO","600010"
"chennai","600051","NO","600010"
"chennai","600052","NO","600010"
"chennai","600053","NO","600010"
"chennai","600054","NO","600010"
"chennai","600055","NO","600010"
"chennai","600056","NO","600010"
"chennai","600057","NO","600010"
"chennai","600058","NO","600010"
"chennai","600059","NO","600010"
"chennai","600060","NO","600010"
"chennai","600061","NO","600010"
"chennai","600062","NO","600010"
"chennai","600063","NO","600010"
"chennai","600064","NO","600010"
"chennai","600065","NO","600010"
"chennai","600066","NO","600010"
"chennai","600067","NO","600010"
"chennai","600068","NO","600010"
"chennai","600069","NO","600010"
"chennai","600070","NO","600010"
"chennai","600071","NO","600010"
"chennai","600072","NO","600010"
"chennai","600073","NO","600010"
"chennai","600074","NO","600010"
"chennai","600075","NO","600010"
"chennai","600076","NO","600010"
"chennai","600077","NO","600010"
"chennai","600078","NO","600010"
"chennai","600079","NO","600010"
"chennai","600080","NO","600010"
"chennai","600081","NO","600010"
"chennai","600082","NO","600010"
"chennai","600083","NO","600010"
"chennai","600084","NO","600010"
"chennai","600085","NO","600010"
"chennai","600086","NO","600010"
"chennai","600087","NO","600010"
"chennai","600088","NO","600010"
"chennai","600089","NO","600010"
"chennai","600090","NO","600010"
"chennai","600091","NO","600010"
"chennai","600092","NO","600010"
"chennai","600093","NO","600010"
"chennai","600094","NO","600010"
"chennai","600095","NO","600010"
"chennai","600096","NO","600010"
"chennai","600097","NO","600010"
"chennai","600098","NO","600010"
"chennai","600099","NO","600010"
"chennai","600100","NO","600010"
"chennai","600101","NO","600010"
"chennai","600102","NO","600010"
"chennai","600103","NO","600010"
"chennai","600104","NO","600010"
"chennai","600105","NO","600010"
"chennai","600106","NO","600010"
"chennai","600107","NO","600010"
"chennai","600108","NO","600010"
"chennai","600109","NO","600010"
"chennai","600110","NO","600010"
"chennai","600111","NO","600010"
"chennai","600112","NO","600010"
"chennai","600113","NO","600010"
"chennai","600114","NO","600010"
"chennai","600115","NO","600010"
"chennai","600116","NO","600010"
"chennai","600117","NO","600010"
"chennai","600118","NO","600010"
"chennai","600119","NO","600010"
"chennai","600120","NO","600010"
"pune","411011","NO","411010"
"pune","411012","NO","411010"
"pune","411013","NO","411010"
"pune","411014","NO","411010"
"pune","411015","NO","411010"
"pune","411016","NO","411010"
"pune","411017","NO","411010"
"pune","411018","NO","411010"
"pune","411019","NO","411010"
"pune","411020","NO","411010"
"pune","411021","NO","411010"
"pune","411022","NO","411010"
"pune","411023","NO","411010"
"pune","411024","NO","411010"
"pune","411025","NO","411010"
"pune","411026","NO","411010"
"pune","411027","NO","411010"
"pune","411028","NO","411010"
"pune","411029","NO","411010"
"pune","411030","NO","411010"
"pune","411031","NO","411010"
"pune","411032","NO","411010"
"pune","411033","NO","411010"
"pune","411034","NO","411010"
"pune","411035","NO","411010"
"pune","411036","NO","411010"
"pune","411037","NO","411010"
"pune","411038","NO","411010"
"pune","411039","NO","411010"
"pune","411040","NO","411010"
"pune","411041","NO","411010"
"pune","411042","NO","411010"
"pune","411043","NO","411010"
"pune","411044","NO","411010"
"pune","411045","NO","411010"
"pune","411046","NO","411010"
"pune","411047","NO","411010"
"pune","411048","NO","411010"
"pune","411049","NO","411010"
"pune","411050","NO","411010"
"pune","411051","NO","411010"
"pune","411052","NO","411010"
"pune","411053","NO","411010"
"pune","411054","NO","411010"
"pune","411055","NO","411010"
"pune","411056","NO","411010"
"pune","411057","NO","411010"
"pune","411058","NO","411010"
"pune","411059","NO","411010"
"pune","411060","NO","411010"
"pune","411061","NO","411010"
"pune","411062","NO","411010"
"pune","411063","NO","411010"
"pune","411064","NO","411010"
"pune","411065","NO","411010"
"pune","411066","NO","411010"
"pune","411067","NO","411010"
"pune","411068","NO","411010"
"kolkata","700011","NO","700010"
"kolkata","700012","NO","700010"
"kolkata","700013","NO","700010"
"kolkata","700014","NO","700010"
"kolkata","700015","NO","700010"
"kolkata","700016","NO","700010"
"kolkata","700017","NO","700010"
"kolkata","700018","NO","700010"
"kolkata","700019","NO","700010"
"kolkata","700020","NO","700010"
"kolkata","700021","NO","700010"
"kolkata","700022","NO","700010"
"kolkata","700023","NO","700010"
"kolkata","700024","NO","700010"
"kolkata","700025","NO","700010"
"kolkata","700026","NO","700010"
"kolkata","700027","NO","700010"
"kolkata","700028","NO","700010"
"kolkata","700029","NO","700010"
"kolkata","700030","NO","700010"
"kolkata","700031","NO","700010"
"kolkata","700032","NO","700010"
"kolkata","700033","NO","700010"
"kolkata","700034","NO","700010"
"kolkata","700035","NO","700010"
"kolkata","700036","NO","700010"
"kolkata","700037","NO","700010"
"kolkata","700038","NO","700010"
"kolkata","700039","NO","700010"
"kolkata","700040","NO","700010"
"kolkata","700041","NO","700010"
"kolkata","700042","NO","700010"
"kolkata","700043","NO","700010"
"kolkata","700044","NO","700010"
"kolkata","700045","NO","700010"
"kolkata","700046","NO","700010"
"kolkata","700047","NO","700010"
"kolkata","700048","NO","700010"
"kolkata","700049","NO","700010"
"kolkata","700050","NO","700010"
"kolkata","700051","NO","700010"
"kolkata","700052","NO","700010"
"kolkata","700053","NO","700010"
"kolkata","700054","NO","700010"
"kolkata","700055","NO","700010"
"kolkata","700056","NO","700010"
"kolkata","700057","NO","700010"
"kolkata","700058","NO","700010"
"kolkata","700059","NO","700010"
"kolkata","700060","NO","700010"
"kolkata","700061","NO","700010"
"kolkata","700062","NO","700010"
"kolkata","700063","NO","700010"
"kolkata","700064","NO","700010"
"kolkata","700065","NO","700010"
"kolkata","700066","NO","700010"
"kolkata","700067","NO","700010"
"kolkata","700068","NO","700010"
"kolkata","700069","NO","700010"
"kolkata","700070","NO","700010"
"kolkata","700071","NO","700010"
"kolkata","700072","NO","700010"
"kolkata","700073","NO","700010"
"kolkata","700074","NO","700010"
"kolkata","700075","NO","700010"
"kolkata","700076","NO","700010"
"kolkata","700077","NO","700010"
"kolkata","700078","NO","700010"
"kolkata","700079","NO","700010"
"kolkata","700080","NO","700010"
"kolkata","700081","NO","700010"
"kolkata","700082","NO","700010"
"kolkata","700083","NO","700010"
"kolkata","700084","NO","700010"
"kolkata","700085","NO","700010"
"kolkata","700086","NO","700010"
"kolkata","700087","NO","700010"
"kolkata","700088","NO","700010"
"kolkata","700089","NO","700010"
"kolkata","700090","NO","700010"
"kolkata","700091","NO","700010"
"kolkata","700092","NO","700010"
"kolkata","700093","NO","700010"
"kolkata","700094","NO","700010"
"kolkata","700095","NO","700010"
"kolkata","700096","NO","700010"
"kolkata","700097","NO","700010"
"kolkata","700098","NO","700010"
"kolkata","700099","NO","700010"
"kolkata","700100","NO","700010"
"kolkata","700101","NO","700010"
"kolkata","700102","NO","700010"
"kolkata","700103","NO","700010"
"kolkata","700104","NO","700010"
"kolkata","700105","NO","700010"
"kolkata","700106","NO","700010"
"kolkata","700107","NO","700010"
"kolkata","700108","NO","700010"
"kolkata","700109","NO","700010"
"kolkata","700110","NO","700010"
"kolkata","700111","NO","700010"
"kolkata","700112","NO","700010"
"kolkata","700113","NO","700010"
"kolkata","700114","NO","700010"
"kolkata","700115","NO","700010"
"kolkata","700116","NO","700010"
"kolkata","700117","NO","700010"
"kolkata","700118","NO","700010"
"kolkata","700119","NO","700010"
"kolkata","700120","NO","700010"
"kolkata","700121","NO","700010"
"kolkata","700122","NO","700010"
"kolkata","700123","NO","700010"
"kolkata","700124","NO","700010"
"kolkata","700125","NO","700010"
"kolkata","700126","NO","700010"
"kolkata","700127","NO","700010"
"kolkata","700128","NO","700010"
"kolkata","700129","NO","700010"
"kolkata","700130","NO","700010"
"kolkata","700131","NO","700010"
"kolkata","700132","NO","700010"
"kolkata","700133","NO","700010"
"kolkata","700134","NO","700010"
"kolkata","700135","NO","700010"
"kolkata","700136","NO","700010"
"kolkata","700137","NO","700010"
"kolkata","700138","NO","700010"
"kolkata","700139","NO","700010"
"kolkata","700140","NO","700010"
"kolkata","700141","NO","700010"
"kolkata","700142","NO","700010"
"kolkata","700143","NO","700010"
"kolkata","700144","NO","700010"
"kolkata","700145","NO","700010"
"kolkata","700146","NO","700010"
"kolkata","700147","NO","700010"
"kolkata","700148","NO","700010"
"kolkata","700149","NO","700010"
"kolkata","700150","NO","700010"
"kolkata","700151","NO","700010"
"kolkata","700152","NO","700010"
"kolkata","700153","NO","700010"
"kolkata","700154","NO","700010"
"kolkata","700155","NO","700010"
"kolkata","700156","NO","700010"
"kolkata","700157","NO","700010"
"kolkata","700158","NO","700010"
"kolkata","700159","NO","700010"
"kolkata","700160","NO","700010"
"noida","201311","NO","201310"
"noida","201312","NO","201310"
"noida","201313","NO","201310"
"noida","201314","NO","201310"
"noida","201315","NO","201310"
"noida","201316","NO","201310"
"noida","201317","NO","201310"
"noida","201318","NO","201310"
"noida","201319","NO","201310"
"noida","201320","NO","201310"
"noida","201321","NO","201310"
"gurgaon","122011","NO","122010"
"gurgaon","122012","NO","122010"
"gurgaon","122013","NO","122010"
"gurgaon","122014","NO","122010"
"gurgaon","122015","NO","122010"
"gurgaon","122016","NO","122010"
"gurgaon","122017","NO","122010"
"gurgaon","122018","NO","122010"
"gurgaon","122051","NO","122010"
"gurgaon","122052","NO","122010"
"gurgaon","122053","NO","122010"
"gurgaon","122054","NO","122010"
"gurgaon","122055","NO","122010"
"gurgaon","122056","NO","122010"
"gurgaon","122057","NO","122010"
"gurgaon","122058","NO","122010"
"gurgaon","122059","NO","122010"
"gurgaon","122060","NO","122010"
"gurgaon","122061","NO","122010"
"gurgaon","122062","NO","122010"
"gurgaon","122063","NO","122010"
"gurgaon","122064","NO","122010"
"gurgaon","122065","NO","122010"
"gurgaon","122066","NO","122010"
"gurgaon","122067","NO","122010"
"gurgaon","122068","NO","122010"
"gurgaon","122069","NO","122010"
"gurgaon","122070","NO","122010"
"gurgaon","122071","NO","122010"
"gurgaon","122072","NO","122010"
"gurgaon","122073","NO","122010"
"gurgaon","122074","NO","122010"
"gurgaon","122075","NO","122010"
"gurgaon","122076","NO","122010"
"gurgaon","122077","NO","122010"
"gurgaon","122078","NO","122010"
"gurgaon","122079","NO","122010"
"gurgaon","122080","NO","122010"
"gurgaon","122081","NO","122010"
"gurgaon","122082","NO","122010"
"gurgaon","122083","NO","122010"
"gurgaon","122084","NO","122010"
"gurgaon","122085","NO","122010"
"gurgaon","122086","NO","122010"
"gurgaon","122087","NO","122010"
"gurgaon","122088","NO","122010"
"gurgaon","122089","NO","122010"
"gurgaon","122090","NO","122010"
"gurgaon","122091","NO","122010"
"gurgaon","122092","NO","122010"
"gurgaon","122093","NO","122010"
"gurgaon","122094","NO","122010"
"gurgaon","122095","NO","122010"
"gurgaon","122096","NO","122010"
"gurgaon","122097","NO","122010"
"gurgaon","122098","NO","122010"
"gurgaon","122099","NO","122010"
"gurgaon","122100","NO","122010"
"gurgaon","122101","NO","122010"
"gurgaon","122102","NO","122010"
"gurgaon","122103","NO","122010"
"gurgaon","122104","NO","122010"
"gurgaon","122105","NO","122010"
"gurgaon","122106","NO","122010"
"gurgaon","122107","NO","122010"
"gurgaon","122108","NO","122010"
"gurgaon","122109","NO","122010"
"gurgaon","122110","NO","122010"
"gurgaon","122111","NO","122010"
"gurgaon","122112","NO","122010"
"gurgaon","122113","NO","122010"
"gurgaon","122114","NO","122010"
"gurgaon","122115","NO","122010"
"faridabad","121011","NO","121010"
"faridabad","121012","NO","121010"
"faridabad","121013","NO","121010"
"faridabad","121014","NO","121010"
"faridabad","121015","NO","121010"
"faridabad","121016","NO","121010"
"faridabad","121017","NO","121010"
"faridabad","121018","NO","121010"
"faridabad","121019","NO","121010"
"faridabad","121020","NO","121010"
"faridabad","121021","NO","121010"
"faridabad","121022","NO","121010"
"faridabad","121023","NO","121010"
"faridabad","121024","NO","121010"
"faridabad","121025","NO","121010"
"faridabad","121026","NO","121010"
"faridabad","121027","NO","121010"
"faridabad","121028","NO","121010"
"faridabad","121029","NO","121010"
"faridabad","121030","NO","121010"
"faridabad","121101","NO","121010"
"faridabad","121102","NO","121010"
"faridabad","121103","NO","121010"
"faridabad","121104","NO","121010"
"faridabad","121105","NO","121010"
"faridabad","121106","NO","121010"
"faridabad","121107","NO","121010"
"faridabad","121108","NO","121010"
"faridabad","121109","NO","121010"
"faridabad","121110","NO","121010"
"jaipur","302011","NO","302010"
"jaipur","302012","NO","302010"
"jaipur","302013","NO","302010"
"jaipur","302014","NO","302010"
"jaipur","302015","NO","302010"
"jaipur","302016","NO","302010"
"jaipur","302017","NO","302010"
"jaipur","302018","NO","302010"
"jaipur","302019","NO","302010"
"jaipur","302020","NO","302010"
"jaipur","302021","NO","302010"
"jaipur","302022","NO","302010"
"jaipur","302023","NO","302010"
"jaipur","302024","NO","302010"
"jaipur","302025","NO","302010"
"jaipur","302026","NO","302010"
"jaipur","302027","NO","302010"
"jaipur","302028","NO","302010"
"jaipur","302029","NO","302010"
"jaipur","302030","NO","302010"
"jaipur","302031","NO","302010"
"jaipur","302032","NO","302010"
"jaipur","302033","NO","302010"
"jaipur","302034","NO","302010"
"jaipur","302035","NO","302010"
"jaipur","302036","NO","302010"
"jaipur","302037","NO","302010"
"jaipur","302038","NO","302010"
"jaipur","302039","NO","302010"
"jaipur","302040","NO","302010"
"jaipur","302041","NO","302010"
"jaipur","302042","NO","302010"
"jaipur","302043","NO","302010"
"jaipur","302044","NO","302010"
"jaipur","302045","NO","302010"
"jaipur","302046","NO","302010"
"jaipur","302047","NO","302010"
"jaipur","302048","NO","302010"
"jaipur","302049","NO","302010"
"jaipur","302050","NO","302010"
"ahmedabad","380011","NO","380010"
"ahmedabad","380012","NO","380010"
"ahmedabad","380013","NO","380010"
"ahmedabad","380014","NO","380010"
"ahmedabad","380015","NO","380010"
"ahmedabad","380016","NO","380010"
"ahmedabad","380017","NO","380010"
"ahmedabad","380018","NO","380010"
"ahmedabad","380019","NO","380010"
"ahmedabad","380020","NO","380010"
"ahmedabad","380021","NO","380010"
"ahmedabad","380022","NO","380010"
"ahmedabad","380023","NO","380010"
"ahmedabad","380024","NO","380010"
"ahmedabad","380025","NO","380010"
"ahmedabad","380026","NO","380010"
"ahmedabad","380027","NO","380010"
"ahmedabad","380028","NO","380010"
"ahmedabad","380029","NO","380010"
"ahmedabad","380030","NO","380010"
"ahmedabad","380031","NO","380010"
"ahmedabad","380032","NO","380010"
"ahmedabad","380033","NO","380010"
"ahmedabad","380034","NO","380010"
"ahmedabad","380035","NO","380010"
"ahmedabad","380036","NO","380010"
"ahmedabad","380037","NO","380010"
"ahmedabad","380038","NO","380010"
"ahmedabad","380039","NO","380010"
"ahmedabad","380040","NO","380010"
"ahmedabad","380041","NO","380010"
"ahmedabad","380042","NO","380010"
"ahmedabad","380043","NO","380010"
"ahmedabad","380044","NO","380010"
"ahmedabad","380045","NO","380010"
"ahmedabad","380046","NO","380010"
"ahmedabad","380047","NO","380010"
"ahmedabad","380048","NO","380010"
"ahmedabad","380049","NO","380010"
"ahmedabad","380050","NO","380010"
"ahmedabad","380051","NO","380010"
"ahmedabad","380052","NO","380010"
"ahmedabad","380053","NO","380010"
"ahmedabad","380054","NO","380010"
"ahmedabad","380055","NO","380010"
"ahmedabad","380056","NO","380010"
"ahmedabad","380057","NO","380010"
"ahmedabad","380058","NO","380010"
"ahmedabad","380059","NO","380010"
"ahmedabad","380060","NO","380010"
"ahmedabad","380061","NO","380010"
"ahmedabad","380062","NO","380010"
"ahmedabad","380063","NO","380010"
"ahmedabad","380064","NO","380010"
"ahmedabad","380065","NO","380010"
"ahmedabad","382210","NO","380010"
"ahmedabad","382220","NO","380010"
"ahmedabad","382230","NO","380010"
"ahmedabad","382240","NO","380010"
"ahmedabad","382250","NO","380010"
"ahmedabad","382260","NO","380010"
"ahmedabad","382270","NO","380010"
"ahmedabad","382280","NO","380010"
"ahmedabad","382290","NO","380010"
"ahmedabad","382300","NO","380010"
"ahmedabad","382305","NO","380010"
"ahmedabad","382310","NO","380010"
"ahmedabad","382315","NO","380010"
"ahmedabad","382320","NO","380010"
"ahmedabad","382325","NO","380010"
"ahmedabad","382330","NO","380010"
"ahmedabad","382335","NO","380010"
"ahmedabad","382340","NO","380010"
"ahmedabad","382345","NO","380010"
"ahmedabad","382350","NO","380010"
"ahmedabad","382355","NO","380010"
"ahmedabad","382360","NO","380010"
"ahmedabad","382365","NO","380010"
"ahmedabad","382370","NO","380010"
"ahmedabad","382375","NO","380010"
"ahmedabad","382380","NO","380010"
"ahmedabad","382385","NO","380010"
"ahmedabad","382390","NO","380010"
"ahmedabad","382395","NO","380010"
"ahmedabad","382400","NO","380010"
"ahmedabad","382405","NO","380010"
"ahmedabad","382410","NO","380010"
"ahmedabad","382415","NO","380010"
"ahmedabad","382418","NO","380010"
"ahmedabad","382420","NO","380010"
"ahmedabad","382422","NO","380010"
"ahmedabad","382424","NO","380010"
"ahmedabad","382425","NO","380010"
"ahmedabad","382426","NO","380010"
"ahmedabad","382427","NO","380010"
"ahmedabad","382428","NO","380010"
"ahmedabad","382430","NO","380010"
"ahmedabad","382433","NO","380010"
"ahmedabad","382435","NO","380010"
"ahmedabad","382440","NO","380010"
"ahmedabad","382443","NO","380010"
"ahmedabad","382445","NO","380010"
"ahmedabad","382449","NO","380010"
"ahmedabad","382450","NO","380010"
"ahmedabad","382455","NO","380010"
"ahmedabad","382460","NO","380010"
"ahmedabad","382463","NO","380010"
"ahmedabad","382465","NO","380010"
"ahmedabad","382470","NO","380010"
"ahmedabad","382475","NO","380010"
"ahmedabad","382480","NO","380010"
"ahmedabad","382481","NO","380010"
"ahmedabad","382485","NO","380010"
"ahmedabad","382490","NO","380010"
